{
  "DeBERTa-v3": {
    "token_precision": 0.8956521739130435,
    "token_recall": 0.8174603174603174,
    "token_f1": 0.8547717842323652,
    "entity_f1": 0.8547717842323652,
    "tp": 103,
    "fp": 12,
    "fn": 23
  }
}