{
  "BiLSTM-CRF": {
    "precision": 0.993949769567562,
    "recall": 0.9955838834509447,
    "f1": 0.994766155415256,
    "entity_f1": 0.0
  }
}